{
    "RMSE": 126.60483684116703,
    "r2": 0.8668149700587713
}